"direction","cor_pvalue","gene_type","anno_gene","dist"
"hypo",0.656033783035805,"protein_coding","intergenic",388737
"hypo",0.578228278086402,"psedo-gene","intergenic",97280
"hypo",0.349493990533782,"psedo-gene","intergenic",36426
"hyper",0.0286770197918905,"lincRNA","intergenic",420011
"hypo",1.23879544698217,"others","intergenic",355666
"hypo",0.109465180901461,"psedo-gene","TSS",317548
"hypo",2.86276921889295,"protein_coding","TSS",2593
"hypo",1.04549296100925,"others","intergenic",287369
"hypo",0.309146885410871,"protein_coding","intergenic",260314
"hyper",0.354967359199741,"protein_coding","intergenic",832025
"hypo",1.21750347655668,"microRNA","intergenic",503476
"hypo",3.04952111205415,"protein_coding","intergenic",651476
"hypo",0.0149315569183352,"protein_coding","TSS",367062
"hypo",1.80604649697729,"protein_coding","TSS",663965
"hypo",0.79083109918687,"microRNA","intergenic",59991
"hyper",0.265462071475897,"lincRNA","intergenic",76253
"hyper",1.28808798082518,"protein_coding","intergenic",887350
"hypo",0.643227837645462,"psedo-gene","TSS",88594
"hyper",0.597808067155956,"microRNA","intergenic",9160
"hyper",0.901435498430733,"others","intergenic",921948
"hypo",1.38322857547268,"protein_coding","TSS",44000
"hyper",0.777509719439592,"psedo-gene","intergenic",425532
"hypo",0.410744090578011,"psedo-gene","intergenic",138091
"hyper",0.110949508490223,"protein_coding","TSS",288759
"hypo",0.904037524894134,"protein_coding","intergenic",996341
"hypo",0.775287954907872,"protein_coding","TSS",498781
"hyper",1.68321261066694,"protein_coding","intergenic",938759
"hypo",0.891474697881197,"psedo-gene","intergenic",22766
"hypo",0.816211773112478,"protein_coding","TSS",15778
"hyper",1.66646399898463,"lincRNA","intergenic",144624
"hypo",0.206086342771541,"others","intergenic",914171
"hypo",0.0429218806744309,"protein_coding","TSS",21123
"hyper",3.31024138295853,"protein_coding","intergenic",121987
"hypo",0.286231384786212,"lincRNA","TSS",868969
"hypo",0.621300634899451,"protein_coding","TSS",910072
"hypo",0.379751612496969,"lincRNA","TSS",160030
"hypo",0.335016900202146,"protein_coding","TSS",292328
"hypo",1.63857317816748,"protein_coding","intergenic",59474
"hypo",0.000708333598307275,"protein_coding","TSS",344036
"hypo",0.478060748953891,"protein_coding","TSS",632770
"hypo",0.290747166023112,"psedo-gene","intergenic",93605
"hypo",1.75181342670074,"protein_coding","intergenic",116045
"hypo",0.644460561447016,"lincRNA","intergenic",680701
"hyper",0.808269269358932,"protein_coding","intergenic",166179
"hypo",0.711373105227636,"lincRNA","intergenic",98494
"hypo",0.385174057248467,"protein_coding","intergenic",59028
"hypo",1.26610777593788,"lincRNA","intergenic",681723
"hypo",1.47287164108741,"others","intergenic",658615
"hypo",0.148054319039459,"protein_coding","intergenic",890
"hypo",0.589110382431299,"protein_coding","TSS",447
"hypo",0.615722117787049,"protein_coding","TSS",814855
"hypo",1.02790054660963,"protein_coding","intergenic",30676
"hypo",1.27855236858747,"microRNA","TSS",39086
"hyper",0.811455257123674,"protein_coding","intergenic",309385
"hyper",0.249462476765838,"protein_coding","intergenic",4296
"hyper",0.166292307773165,"protein_coding","intergenic",682396
"hypo",0.673607886008906,"others","intergenic",764085
"hypo",1.95178196775636,"microRNA","intergenic",355767
"hyper",0.413711716924905,"lincRNA","TSS",86031
"hyper",2.6935354303952,"protein_coding","TSS",243042
"hyper",1.38080567257379,"psedo-gene","intergenic",884367
"hypo",0.360178907530553,"microRNA","intergenic",945167
"hypo",0.331793467399026,"protein_coding","intergenic",611766
"hypo",1.29545379837453,"protein_coding","intergenic",96248
"hyper",0.211323004867624,"protein_coding","TSS",561670
"hypo",0.327848543854607,"others","intergenic",731891
"hyper",1.34454336943983,"protein_coding","intergenic",820513
"hypo",3.10726502388267,"microRNA","intergenic",245735
"hypo",1.11155725366261,"others","TSS",549360
"hypo",0.00495600128641892,"protein_coding","TSS",632848
"hypo",0.229060270273813,"others","intergenic",835166
"hypo",0.229097951300407,"protein_coding","TSS",551942
"hyper",0.181080958317726,"protein_coding","TSS",729141
"hyper",1.30763100194104,"protein_coding","intergenic",5190
"hyper",0.331942861563137,"others","intergenic",13149
"hyper",0.727145725603809,"protein_coding","TSS",433017
"hypo",0.289056333099852,"microRNA","TSS",675449
"hypo",0.244124029780807,"psedo-gene","TSS",358759
"hypo",0.142150149166622,"lincRNA","intergenic",563228
"hypo",0.385147016026746,"microRNA","TSS",724796
"hyper",0.10256078135163,"others","TSS",795484
"hypo",2.83895765179182,"protein_coding","intergenic",85963
"hypo",0.671249144802214,"others","intergenic",980008
"hypo",2.19854629908514,"protein_coding","TSS",881300
"hypo",0.814818817423983,"microRNA","intergenic",586884
"hypo",0.934499558518547,"others","intergenic",729781
"hypo",2.16728479750884,"protein_coding","intergenic",652872
"hypo",2.71388977998423,"protein_coding","TSS",9120
"hypo",1.05077557404835,"microRNA","TSS",612786
"hypo",0.489461959994504,"protein_coding","intergenic",881513
"hypo",0.0617847895552174,"psedo-gene","intergenic",295378
"hyper",1.06998244621621,"microRNA","intergenic",182920
"hypo",1.85562496605094,"protein_coding","intergenic",605423
"hypo",0.172437180333211,"others","intergenic",464287
"hyper",1.19181943379911,"psedo-gene","intergenic",583835
"hypo",0.0571298662054348,"protein_coding","intergenic",449608
"hyper",0.681646557892326,"microRNA","TSS",67149
"hypo",0.550235884027914,"lincRNA","intergenic",86581
"hypo",0.192747916742335,"protein_coding","intergenic",778907
"hypo",0.538957176657972,"psedo-gene","TSS",83400
"hyper",0.963360096191269,"protein_coding","TSS",12431
"hypo",2.36114242016291,"protein_coding","TSS",312637
"hypo",1.75846141295453,"lincRNA","intergenic",397
"hyper",0.12483157474548,"lincRNA","intergenic",430702
"hypo",1.16824397939792,"protein_coding","TSS",109427
"hypo",1.06372654610853,"lincRNA","TSS",449754
"hypo",0.747363803184053,"lincRNA","TSS",153778
"hyper",0.0515475995674194,"protein_coding","intergenic",959663
"hypo",0.295031243774525,"psedo-gene","intergenic",992070
"hypo",0.163965788839577,"protein_coding","intergenic",392316
"hyper",0.527380563886043,"psedo-gene","intergenic",350352
"hypo",0.153936823047859,"others","intergenic",47356
"hypo",0.395725186252974,"protein_coding","TSS",365053
"hypo",1.51977485785643,"protein_coding","intergenic",370110
"hypo",1.45613186714346,"protein_coding","intergenic",422980
"hyper",0.674062336490881,"microRNA","intergenic",382893
"hypo",0.370125903152961,"protein_coding","intergenic",998792
"hyper",0.340651659139029,"protein_coding","TSS",106439
"hypo",0.134836518918044,"protein_coding","intergenic",645936
"hyper",0.409763000734179,"protein_coding","intergenic",194438
"hypo",1.23210437998849,"protein_coding","intergenic",54706
"hypo",0.756647917277117,"protein_coding","intergenic",167781
"hyper",0.00680497385734314,"protein_coding","TSS",799000
"hypo",0.786116706005428,"protein_coding","intergenic",982996
"hypo",0.489087196996116,"microRNA","intergenic",896609
"hypo",1.43736020875453,"protein_coding","intergenic",370967
"hypo",0.00689006431445194,"others","intergenic",932381
"hypo",0.837704135295243,"protein_coding","intergenic",851640
"hyper",0.563869628824456,"protein_coding","intergenic",331680
"hypo",1.72693075338678,"protein_coding","intergenic",14489
"hypo",3.91800167309407,"lincRNA","intergenic",745633
"hypo",0.388216044988571,"protein_coding","TSS",726759
"hypo",1.51017046597963,"psedo-gene","intergenic",895731
"hypo",0.039981241340714,"protein_coding","intergenic",801803
"hypo",0.807885953727333,"protein_coding","TSS",36
"hyper",1.70127154428035,"protein_coding","intergenic",538581
"hypo",0.0100876744173781,"protein_coding","intergenic",321669
"hyper",0.254750970426833,"others","TSS",619734
"hypo",0.830214736327363,"protein_coding","intergenic",794724
"hypo",2.39935109453886,"protein_coding","intergenic",42114
"hypo",0.235011089710528,"others","intergenic",594985
"hypo",1.59983054987908,"protein_coding","intergenic",292494
"hypo",0.535707616758548,"protein_coding","TSS",368546
"hypo",0.246260331303647,"microRNA","intergenic",331661
"hypo",0.438910269591797,"others","TSS",809003
"hypo",2.83689742140031,"others","TSS",327488
"hyper",0.77266525515761,"lincRNA","TSS",791234
"hypo",1.13851642319685,"protein_coding","TSS",171
"hypo",0.356579643084407,"microRNA","TSS",467803
"hypo",1.38131972573484,"protein_coding","intergenic",285695
"hypo",0.888382374382292,"lincRNA","TSS",82
"hyper",3.48254118089905,"protein_coding","intergenic",996744
"hypo",0.443601266841211,"protein_coding","intergenic",722671
"hypo",0.722333789431368,"microRNA","intergenic",103252
"hypo",1.07803265646257,"psedo-gene","intergenic",652146
"hyper",1.77830501707017,"protein_coding","intergenic",692646
"hypo",0.463681602226041,"others","TSS",617173
"hypo",0.781698894977522,"protein_coding","TSS",454995
"hyper",0.40801686424354,"microRNA","TSS",42972
"hypo",0.611223650806079,"lincRNA","TSS",571501
"hypo",0.034906034147522,"others","intergenic",56623
"hypo",1.42878783433266,"protein_coding","intergenic",162774
"hypo",0.0674528819278165,"protein_coding","intergenic",78372
"hyper",2.6257342106301,"lincRNA","intergenic",20065
"hyper",0.77217510959756,"protein_coding","intergenic",662173
"hypo",0.85083010637763,"lincRNA","intergenic",924789
"hyper",3.02581648235793,"protein_coding","TSS",93505
"hypo",1.33172395992134,"lincRNA","intergenic",634889
"hypo",0.341650788265425,"protein_coding","intergenic",834291
"hypo",3.39488126316457,"others","intergenic",82240
"hyper",0.104635553821731,"protein_coding","intergenic",536604
"hyper",0.257670886081977,"protein_coding","intergenic",435738
"hypo",0.493980924775853,"protein_coding","intergenic",386626
"hypo",1.19328283356584,"protein_coding","intergenic",184340
"hypo",0.889968528410496,"protein_coding","intergenic",573044
"hypo",0.514116100465212,"others","TSS",175138
"hyper",0.0420907170012552,"protein_coding","intergenic",112848
"hyper",1.82412489107128,"protein_coding","intergenic",17228
"hypo",0.411251909397731,"others","intergenic",427675
"hyper",1.17991364631654,"microRNA","intergenic",228809
"hyper",0.514966010706814,"protein_coding","TSS",111602
"hyper",1.12478775108653,"microRNA","intergenic",463777
"hypo",1.04122167067553,"protein_coding","intergenic",406250
"hypo",0.897764552807521,"others","TSS",137176
"hypo",0.0821075505700784,"protein_coding","TSS",895783
"hyper",1.10272288433696,"protein_coding","intergenic",42987
"hypo",1.76842887437833,"protein_coding","intergenic",5538
"hyper",0.904777008259377,"protein_coding","intergenic",216036
"hypo",1.75151474953974,"protein_coding","TSS",3626
"hypo",1.10147406479898,"protein_coding","intergenic",587040
"hyper",0.0969425134439351,"lincRNA","TSS",754244
"hypo",1.35377257157323,"lincRNA","intergenic",36371
"hypo",0.565524852451793,"lincRNA","TSS",537815
"hypo",0.873609350072898,"protein_coding","TSS",656957
"hypo",0.822657794809396,"others","TSS",734907
"hypo",0.451051867463679,"psedo-gene","intergenic",25737
"hyper",0.221111628495708,"psedo-gene","intergenic",66033
"hypo",2.88613686173638,"protein_coding","intergenic",53302
"hypo",1.57023860321996,"protein_coding","intergenic",594292
"hyper",2.91833479662747,"others","intergenic",26247
"hyper",0.336353557172417,"protein_coding","intergenic",62503
"hyper",0.743094196805552,"psedo-gene","intergenic",238159
"hypo",0.411170245109569,"protein_coding","intergenic",748436
"hypo",2.48500919922774,"lincRNA","intergenic",10270
"hypo",0.213542538817957,"protein_coding","TSS",11294
"hypo",1.29374182216979,"protein_coding","TSS",253709
"hypo",0.744143504554113,"lincRNA","intergenic",537008
"hypo",0.426703252213332,"microRNA","TSS",659311
"hypo",1.79432101111374,"protein_coding","intergenic",608
"hypo",1.77606213081663,"others","intergenic",319374
"hypo",2.53631880584757,"psedo-gene","intergenic",179462
"hypo",0.272392545046233,"lincRNA","intergenic",171600
"hypo",0.0139751845496146,"protein_coding","TSS",755726
"hypo",1.81555407235229,"protein_coding","intergenic",211736
"hypo",1.44104588160332,"protein_coding","intergenic",539398
"hypo",0.263329865465314,"protein_coding","intergenic",931164
"hypo",2.36383205771787,"others","intergenic",87559
"hypo",0.164477180596074,"microRNA","TSS",357517
"hypo",0.428336752195501,"lincRNA","TSS",894
"hypo",0.114917247079039,"lincRNA","intergenic",68754
"hypo",1.40343888407936,"protein_coding","TSS",1959
"hyper",0.401595113819105,"protein_coding","TSS",209771
"hypo",0.141171508663335,"protein_coding","intergenic",176153
"hypo",1.07668290561666,"protein_coding","intergenic",862
"hypo",1.11238716680391,"protein_coding","intergenic",592678
"hypo",1.78635528956656,"protein_coding","intergenic",471568
"hypo",1.6139807248458,"protein_coding","intergenic",28340
"hypo",0.506079899667272,"protein_coding","TSS",524283
"hypo",0.484164383164146,"microRNA","intergenic",638608
"hyper",0.297311526941199,"protein_coding","TSS",5261
"hypo",0.0431958446838866,"psedo-gene","TSS",197
"hypo",0.728327358649862,"lincRNA","TSS",779790
"hypo",1.15504859969622,"protein_coding","intergenic",39236
"hypo",0.0643131243846858,"protein_coding","intergenic",717400
"hyper",1.04352399931351,"protein_coding","TSS",250385
"hypo",0.93405290521488,"others","intergenic",67430
"hypo",0.436888211968761,"microRNA","TSS",457345
"hypo",0.589211118021301,"protein_coding","intergenic",106
"hyper",0.438977542834156,"others","intergenic",264485
"hyper",1.11507467877332,"lincRNA","intergenic",137677
"hypo",0.420041413790715,"microRNA","TSS",435435
"hypo",0.740660770552143,"psedo-gene","intergenic",199284
"hyper",0.0630066655299776,"protein_coding","intergenic",261950
"hyper",0.743263614141508,"protein_coding","intergenic",28642
"hypo",0.317959723507576,"protein_coding","intergenic",618069
"hypo",2.56165239250768,"protein_coding","TSS",17250
"hypo",0.689452682291458,"protein_coding","intergenic",729342
"hypo",0.742792724760848,"protein_coding","intergenic",861845
"hyper",0.241807089354862,"protein_coding","intergenic",420557
"hyper",0.130390148005149,"microRNA","intergenic",54028
"hyper",0.0620792242445334,"lincRNA","TSS",3316
"hypo",1.38021614004706,"protein_coding","intergenic",864228
"hypo",1.63504304085197,"lincRNA","intergenic",271297
"hyper",1.01844066727297,"microRNA","intergenic",452034
"hypo",1.64881603962614,"protein_coding","TSS",38211
"hypo",0.675879048812718,"protein_coding","intergenic",619291
"hypo",0.527431230759492,"protein_coding","intergenic",668313
"hyper",0.939732861494013,"protein_coding","TSS",24127
"hypo",0.36598425393948,"psedo-gene","intergenic",187924
"hypo",2.63414004386318,"protein_coding","intergenic",434467
"hyper",0.791293224992632,"protein_coding","intergenic",246274
"hypo",1.82882894712576,"psedo-gene","TSS",735279
"hypo",0.362144576106163,"protein_coding","intergenic",479958
"hypo",0.501234659005746,"protein_coding","intergenic",534931
"hyper",0.974825645673692,"protein_coding","intergenic",794800
"hyper",0.348789922219717,"protein_coding","intergenic",14968
"hypo",0.0280110411414254,"protein_coding","intergenic",565290
"hypo",1.11418318316134,"protein_coding","intergenic",81767
"hypo",0.213488942068187,"protein_coding","intergenic",333386
"hyper",2.61747398629765,"protein_coding","TSS",11329
"hypo",0.199127271508724,"others","intergenic",244063
"hypo",2.09411889897659,"protein_coding","TSS",997867
"hypo",1.80044805352513,"protein_coding","TSS",705247
"hypo",0.167513335701389,"protein_coding","intergenic",844186
"hypo",0.660087653930788,"microRNA","intergenic",944765
"hypo",0.97434474242663,"others","intergenic",227428
"hypo",1.697626300379,"psedo-gene","intergenic",260948
"hypo",2.04181006899861,"lincRNA","TSS",162302
"hypo",0.0457649126678883,"lincRNA","intergenic",358617
"hypo",0.141788655136476,"psedo-gene","TSS",41418
"hypo",1.21622791110925,"protein_coding","TSS",673470
"hypo",1.33957944747776,"protein_coding","intergenic",577981
"hyper",0.370206013317834,"protein_coding","intergenic",498791
"hypo",2.06151987625851,"others","intergenic",739307
"hyper",0.254426919579567,"protein_coding","intergenic",1312
"hypo",0.0798063802896376,"protein_coding","TSS",246951
"hypo",0.0205493343711591,"protein_coding","TSS",965064
"hypo",0.386552397540335,"protein_coding","intergenic",149
"hypo",1.00995368111229,"protein_coding","intergenic",227766
"hyper",0.0490257792393405,"protein_coding","intergenic",489496
"hypo",1.52416323659308,"protein_coding","intergenic",485848
"hypo",0.550306721509782,"protein_coding","intergenic",333158
"hyper",0.572263115876017,"microRNA","TSS",366322
"hypo",2.40785957679055,"protein_coding","intergenic",180428
"hypo",2.03971926526497,"microRNA","TSS",386565
"hypo",0.341590398333209,"protein_coding","intergenic",872125
"hyper",0.576947045849352,"psedo-gene","intergenic",362131
"hypo",2.11964528625544,"protein_coding","intergenic",389378
"hypo",1.37548688443043,"protein_coding","intergenic",829222
"hypo",0.699377559239909,"protein_coding","intergenic",826247
"hyper",0.0835405245136417,"protein_coding","intragenic",599
"hypo",0.32128726226766,"lincRNA","intragenic",17927
"hyper",0.718963499928405,"others","intragenic",33994
"hyper",1.34342512232788,"psedo-gene","intragenic",24855
"hyper",0.647550387679806,"others","intragenic",85263
"hyper",0.579216461143122,"microRNA","intragenic",19775
"hyper",0.627870981241311,"protein_coding","intragenic",87183
"hyper",0.652175354186796,"protein_coding","intragenic",28734
"hyper",0.728663280694259,"protein_coding","intragenic",18187
"hypo",0.46174175541136,"protein_coding","intragenic",53108
"hyper",2.03956519865556,"psedo-gene","intragenic",18732
"hyper",0.358459601651014,"psedo-gene","intragenic",17628
"hyper",1.30905789521318,"protein_coding","intragenic",13694
"hyper",0.113434067981032,"protein_coding","intragenic",43812
"hyper",1.9915749168332,"protein_coding","intragenic",41088
"hyper",1.08560103700671,"others","intergenic",42361
"hyper",1.79453393281213,"protein_coding","intragenic",78975
"hyper",1.33496094718141,"protein_coding","intragenic",15122
"hyper",0.295738407750036,"others","intragenic",86441
"hyper",0.405760097813376,"protein_coding","intragenic",93715
"hyper",1.6717674005424,"protein_coding","intragenic",44333
"hyper",0.266491576511126,"others","intragenic",13236
"hyper",1.38317254312925,"protein_coding","intergenic",65028
"hyper",1.46437287015451,"microRNA","intragenic",31654
"hyper",1.15114808551175,"microRNA","intragenic",45888
"hypo",0.203902108696139,"protein_coding","intergenic",62201
"hyper",0.175310797068204,"lincRNA","intergenic",68573
"hyper",1.23684864798085,"microRNA","intergenic",33238
"hyper",1.81479059494568,"protein_coding","intragenic",19774
"hyper",0.489753400970003,"protein_coding","intergenic",525
"hyper",2.1061721165628,"others","intragenic",36566
"hyper",1.41949684939174,"psedo-gene","intragenic",36232
"hyper",1.2443148829539,"protein_coding","intergenic",108729
"hyper",2.47684779684909,"protein_coding","intergenic",52008
"hyper",1.11661412351806,"microRNA","intragenic",57832
"hyper",2.9559232967509,"others","intragenic",45375
"hyper",1.20143716658519,"psedo-gene","intragenic",72993
"hypo",1.22746675472527,"protein_coding","intergenic",88848
"hyper",0.310622949592943,"microRNA","intragenic",80523
"hypo",1.26951390191766,"protein_coding","intragenic",77122
"hyper",0.694387991755168,"microRNA","intragenic",73144
"hyper",0.541871126112073,"lincRNA","intragenic",70049
"hyper",2.9643848990175,"others","intergenic",26059
"hypo",0.763536134338743,"others","intragenic",46315
"hyper",1.0661177706601,"protein_coding","intragenic",60584
"hyper",0.645257334241719,"protein_coding","intragenic",7739
"hyper",0.977154812041633,"lincRNA","intragenic",27960
"hyper",0.391553743215832,"protein_coding","intragenic",31520
"hyper",0.851297744175623,"psedo-gene","intragenic",57506
"hyper",1.03813831419101,"microRNA","intragenic",80581
"hypo",0.453868107489226,"protein_coding","intragenic",79002
"hyper",0.00445872851859207,"microRNA","intragenic",22772
"hyper",0.338748197310016,"protein_coding","intragenic",23151
"hyper",1.23219969941435,"others","intragenic",86921
"hyper",0.60974531339262,"protein_coding","intragenic",55245
"hyper",1.33997787628766,"protein_coding","intergenic",872388
"hyper",0.92630066564624,"psedo-gene","intragenic",1940
"hyper",0.116368715176167,"protein_coding","intergenic",87779
"hyper",2.06058272242475,"psedo-gene","intragenic",26517
"hypo",0.58501902599106,"protein_coding","intergenic",525075
"hyper",1.14249267165347,"microRNA","intergenic",637644
"hypo",0.0674031210105988,"others","intergenic",50387
"hyper",0.232697556490037,"protein_coding","intragenic",66720
"hyper",0.273651079855729,"others","intergenic",5998
"hyper",0.208811773919438,"protein_coding","intergenic",55199
"hyper",0.215675857664038,"microRNA","intragenic",15625
"hyper",1.2173139385848,"lincRNA","intragenic",53937
"hyper",0.00137189243476802,"protein_coding","intragenic",19581
"hyper",0.591845105969413,"protein_coding","intragenic",52057
"hyper",0.650639541153061,"protein_coding","intragenic",2792
"hyper",2.13922620330541,"protein_coding","intragenic",40793
"hyper",0.435638022219105,"psedo-gene","intergenic",29569
"hyper",0.441215064783161,"protein_coding","intergenic",27519
"hyper",0.131335498939502,"others","intragenic",29509
"hypo",1.65050503559473,"protein_coding","intragenic",80147
"hyper",1.02553500986095,"protein_coding","intergenic",59596
"hyper",0.734616775924955,"lincRNA","intragenic",76388
"hyper",0.168828821779764,"microRNA","intragenic",15983
"hyper",0.370783722094679,"protein_coding","intragenic",31746
"hyper",0.613272476730397,"psedo-gene","intragenic",78414
"hyper",0.28129070752787,"psedo-gene","intragenic",43071
"hypo",0.396486559182493,"protein_coding","intragenic",52151
"hyper",0.0164797137655043,"protein_coding","intergenic",61630
"hyper",0.863208565228524,"protein_coding","intergenic",964024
"hypo",0.236852976206018,"microRNA","intragenic",43554
"hyper",1.97497165755678,"protein_coding","intragenic",83281
"hyper",0.939216792396022,"microRNA","intragenic",27902
"hypo",0.570649502863811,"protein_coding","intergenic",891814
"hyper",1.36411023528966,"lincRNA","intragenic",64814
"hyper",0.811636772606183,"protein_coding","intragenic",35387
"hyper",0.981367969641496,"protein_coding","intergenic",78545
"hyper",0.969090254284518,"protein_coding","intragenic",67848
"hyper",0.715542387123331,"lincRNA","intragenic",16800
"hyper",0.678199052870717,"protein_coding","intragenic",48555
"hyper",2.05885451424256,"protein_coding","intragenic",61052
"hyper",0.420864904115865,"protein_coding","intergenic",91627
"hyper",3.0926482943633,"microRNA","intragenic",36274
"hyper",0.901710654405242,"protein_coding","intergenic",19570
"hyper",0.248633177237783,"protein_coding","intergenic",47796
"hypo",0.0644767287372499,"protein_coding","intragenic",32542
"hyper",0.326944279116871,"protein_coding","intragenic",97367
"hyper",5.71948868064013,"lincRNA","intergenic",134676
"hyper",1.15178105497208,"psedo-gene","intergenic",97893
"hypo",0.786222790255936,"protein_coding","intragenic",65538
"hyper",0.60126451617978,"psedo-gene","intragenic",48680
"hypo",0.476383619991882,"protein_coding","intragenic",89746
"hyper",0.070039947067941,"microRNA","intragenic",9795
"hypo",0.13297993256946,"protein_coding","intragenic",48294
"hyper",1.88616828479445,"protein_coding","intragenic",80840
"hyper",1.15097597777392,"microRNA","intragenic",83773
"hypo",0.196938005720321,"psedo-gene","intragenic",34946
"hyper",3.0131455935976,"lincRNA","intragenic",48636
"hyper",1.79179526437576,"microRNA","intragenic",56262
"hyper",0.924264122396286,"lincRNA","intragenic",345
"hyper",1.25110239215088,"protein_coding","intergenic",38587
"hyper",0.565997744945758,"lincRNA","intragenic",96979
"hyper",0.282458205861826,"protein_coding","intergenic",76572
"hyper",0.139677884855096,"microRNA","intragenic",81490
"hyper",2.06910657438772,"lincRNA","intragenic",3022
"hyper",1.18248567078373,"protein_coding","intergenic",319343
"hyper",0.528133578376452,"protein_coding","intergenic",94208
"hyper",2.7393408372536,"protein_coding","intragenic",74094
"hyper",1.06402357932871,"protein_coding","intergenic",31337
"hyper",1.1730878173213,"microRNA","intragenic",28066
"hyper",0.734654348324084,"protein_coding","intergenic",81052
"hypo",0.761435605509297,"protein_coding","intragenic",59521
"hyper",0.802198442870929,"protein_coding","intragenic",27623
"hyper",1.50180085559997,"lincRNA","intragenic",20893
"hyper",0.628969240778746,"lincRNA","intergenic",3912
"hyper",0.151734167097052,"protein_coding","intragenic",33802
"hyper",1.10848459467782,"protein_coding","intragenic",5632
"hyper",1.27433526957034,"protein_coding","intragenic",87184
"hyper",1.32712575866968,"protein_coding","intragenic",29923
"hyper",1.4227139677287,"protein_coding","intragenic",90148
"hyper",1.95579482444342,"psedo-gene","intragenic",66090
"hyper",2.04602291752994,"psedo-gene","intergenic",919544
"hyper",1.47032394583542,"others","intragenic",702
"hyper",0.67984149439956,"lincRNA","intergenic",83158
"hyper",0.845711821560353,"others","intragenic",2154
"hyper",1.10886285486029,"protein_coding","intragenic",78923
"hyper",0.646986352606296,"protein_coding","intragenic",16342
"hyper",0.510018439563194,"lincRNA","intragenic",45992
"hyper",0.0545427370482032,"protein_coding","intergenic",91919
"hyper",1.50791384114867,"protein_coding","intragenic",93357
"hyper",1.62776104384185,"protein_coding","intergenic",3871
"hyper",1.2025598991665,"protein_coding","intergenic",146682
"hypo",0.0798644636203975,"microRNA","intergenic",292957
"hypo",0.234096764367162,"lincRNA","intragenic",60317
"hyper",1.24462927579896,"protein_coding","intragenic",81974
"hyper",1.17946576699379,"lincRNA","intergenic",71660
"hypo",0.114220346618525,"protein_coding","intragenic",51466
"hyper",0.896293174646448,"protein_coding","intragenic",80394
"hyper",0.309568796789639,"protein_coding","intergenic",908128
"hypo",0.5921010549487,"protein_coding","intragenic",22891
"hyper",0.0945863108066384,"protein_coding","intergenic",42774
"hyper",0.846203020408209,"protein_coding","intragenic",58358
"hypo",1.12165156945587,"protein_coding","intergenic",82794
"hyper",0.300628544162648,"protein_coding","intergenic",83222
"hyper",0.300884038422492,"others","intergenic",59945
"hyper",0.330822509070303,"protein_coding","intragenic",32717
"hyper",1.24815627310131,"others","intragenic",68175
"hyper",0.783608756257502,"others","intergenic",71448
"hyper",2.3423489953361,"protein_coding","intragenic",1508
"hyper",1.37680382187591,"protein_coding","intragenic",77503
"hyper",0.607615984436432,"protein_coding","intergenic",47365
"hyper",0.433960957817247,"protein_coding","intragenic",56390
"hyper",1.25790614975971,"others","intragenic",7210
"hyper",2.40018226742973,"protein_coding","intragenic",74952
"hypo",0.408297960388393,"protein_coding","intragenic",44879
"hyper",0.127692027103234,"protein_coding","intragenic",56093
"hypo",0.495419349377201,"lincRNA","intergenic",47044
"hypo",1.69243390149128,"others","intragenic",79973
"hyper",0.0202078904300059,"protein_coding","intragenic",80815
"hypo",0.920243278767805,"psedo-gene","intragenic",91066
"hypo",0.382531859703659,"others","intergenic",34659
"hyper",3.30603777721337,"protein_coding","intragenic",35685
"hyper",1.35696355239398,"protein_coding","intergenic",62884
"hypo",0.247239511460023,"protein_coding","intragenic",9027
"hyper",0.440734026997383,"lincRNA","intragenic",48910
"hyper",0.132212791241267,"psedo-gene","intragenic",68863
"hyper",0.29258448975827,"microRNA","intragenic",9446
"hypo",2.81804250916934,"microRNA","intragenic",88972
"hyper",0.0382111969536198,"psedo-gene","intragenic",95159
"hyper",0.465260355486928,"protein_coding","intragenic",83658
"hyper",1.61774585223492,"psedo-gene","intragenic",44126
"hypo",0.403352269227132,"protein_coding","intragenic",53909
"hyper",0.673474129407162,"protein_coding","intragenic",85429
"hyper",1.23943620635164,"protein_coding","intragenic",34214
"hyper",0.474803330987932,"psedo-gene","intergenic",83252
"hyper",2.51386634340618,"protein_coding","intragenic",32687
"hypo",0.617015542460234,"protein_coding","intragenic",18454
"hyper",0.658498598269847,"lincRNA","intergenic",14423
"hyper",1.95224931314391,"others","intergenic",6263
"hyper",0.521405711940145,"protein_coding","intergenic",842768
"hyper",1.32019239010684,"microRNA","intragenic",37877
"hyper",0.280799697836204,"protein_coding","intragenic",77831
"hypo",0.27745068800337,"protein_coding","intergenic",889728
"hypo",0.961563890539276,"protein_coding","intragenic",30681
"hyper",0.00220439782241625,"microRNA","intergenic",87163
"hyper",0.549746119011126,"microRNA","intragenic",76563
"hyper",0.512241524408611,"protein_coding","intergenic",41742
"hyper",1.23486101201424,"lincRNA","intragenic",22141
"hyper",0.497156735752023,"protein_coding","intragenic",78004
"hyper",0.182634019822395,"protein_coding","intragenic",1644
"hyper",2.8379623810499,"protein_coding","intragenic",89690
"hyper",0.886007299399022,"lincRNA","intragenic",42399
"hypo",1.27567677978116,"others","intergenic",51337
"hyper",1.7900038939708,"protein_coding","intragenic",81669
"hyper",1.02419114218106,"protein_coding","intragenic",96266
"hypo",0.703285748017337,"protein_coding","intragenic",57653
"hypo",0.262128812408132,"lincRNA","intergenic",10224
"hyper",0.427288128758422,"others","intragenic",95995
"hyper",0.653070351806255,"protein_coding","intergenic",3544
"hyper",0.637038262031941,"protein_coding","intragenic",28481
"hyper",0.463831821348865,"protein_coding","intragenic",1256
"hyper",0.44849529576918,"lincRNA","intergenic",3558
"hypo",0.598765564752297,"microRNA","intragenic",52848
"hyper",0.590586499243606,"microRNA","intragenic",86387
"hyper",0.103603719779563,"others","intragenic",81914
"hyper",0.216573998723193,"protein_coding","intragenic",29299
"hyper",3.08983046350463,"protein_coding","intergenic",82027
"hyper",0.615042201080225,"protein_coding","intergenic",53176
"hyper",3.04627212567815,"microRNA","intergenic",12117
"hypo",0.375848099829488,"others","intragenic",69384
"hyper",0.603228646101474,"protein_coding","intragenic",9565
"hyper",1.44815438694434,"protein_coding","intragenic",40203
"hyper",1.67542111031695,"protein_coding","intragenic",62050
"hyper",0.571008516446763,"protein_coding","intragenic",5038
"hypo",0.923800211263908,"protein_coding","intergenic",79531
"hypo",1.25393716536317,"psedo-gene","intergenic",91251
"hyper",0.32713566574853,"protein_coding","intragenic",82382
"hyper",1.75844987318316,"protein_coding","intragenic",59087
"hypo",0.949428929204875,"protein_coding","intragenic",2206
"hyper",3.64030132056733,"protein_coding","intragenic",37449
"hyper",2.22312362011086,"psedo-gene","intragenic",82961
"hyper",0.667854775819479,"lincRNA","intragenic",4859
"hyper",0.490086384315453,"protein_coding","intragenic",8400
"hyper",1.88775503212179,"protein_coding","intragenic",25123
"hyper",0.854622173985183,"protein_coding","intragenic",91891
"hyper",0.81358450946714,"protein_coding","intragenic",93651
"hyper",0.364497735295249,"lincRNA","intragenic",3823
"hypo",0.943117317503255,"protein_coding","intergenic",385447
"hyper",0.57654977376503,"others","intragenic",87304
"hyper",2.22210311090054,"lincRNA","intergenic",31208
"hyper",1.82379478357678,"protein_coding","intragenic",9684
"hyper",0.0310657380229636,"psedo-gene","intragenic",16787
"hyper",1.92877111587096,"others","intergenic",15275
"hyper",0.0421320583588487,"others","intragenic",36158
"hyper",0.50834897873727,"protein_coding","intragenic",13018
"hypo",0.247540078447944,"others","intergenic",260823
"hypo",3.61732278239087,"others","intergenic",37932
"hypo",0.599183779898556,"protein_coding","intergenic",421706
"hyper",1.84333616120982,"protein_coding","intragenic",81778
"hyper",2.05468925530632,"protein_coding","intergenic",96048
"hyper",0.0684725828020732,"protein_coding","intragenic",76968
"hyper",0.276821550487206,"protein_coding","intragenic",91891
"hyper",0.0457975837459723,"protein_coding","intragenic",86579
"hypo",0.094771689713369,"others","intergenic",162417
"hyper",0.817149758984462,"lincRNA","intragenic",57562
"hyper",3.12062037971532,"lincRNA","intragenic",36533
"hyper",1.69993579996708,"others","intragenic",90362
"hyper",2.52617979860644,"psedo-gene","intragenic",73777
"hypo",0.850446231783701,"protein_coding","intragenic",37119
"hyper",0.501592535620372,"protein_coding","intergenic",1178
"hypo",0.527279736981509,"protein_coding","intergenic",585279
"hyper",2.09075772956446,"protein_coding","intragenic",11062
"hyper",0.428742256365713,"protein_coding","intragenic",9583
"hyper",1.11743594858077,"protein_coding","intragenic",29604
"hyper",2.01646395852188,"protein_coding","intragenic",29341
"hyper",0.510674909693377,"microRNA","intergenic",33637
"hypo",0.226987175760119,"lincRNA","intragenic",80591
"hyper",0.788003507910239,"microRNA","intragenic",99749
"hyper",1.28090038818269,"protein_coding","intragenic",15972
"hyper",0.0623160000916953,"others","intergenic",94086
"hyper",0.395528170980996,"lincRNA","intragenic",41625
"hyper",0.134613246778006,"psedo-gene","intragenic",14723
"hypo",2.2032196835729,"others","intragenic",69945
"hyper",0.493931843480269,"protein_coding","intragenic",76535
"hypo",0.264937533414978,"protein_coding","intragenic",21047
"hyper",0.221796943331513,"protein_coding","intergenic",3627
"hyper",0.243248272852606,"protein_coding","intragenic",25081
"hypo",1.714312957061,"others","intergenic",756206
"hypo",0.321833463551255,"protein_coding","intragenic",28971
"hypo",0.345067458631924,"protein_coding","intergenic",696467
"hyper",1.90881358729726,"protein_coding","intragenic",16013
"hypo",0.401561798313861,"protein_coding","intragenic",45085
"hyper",0.521877839883432,"psedo-gene","intergenic",289246
"hypo",0.0902873474881952,"protein_coding","intergenic",704430
"hyper",0.117254090459598,"protein_coding","intragenic",60718
"hyper",0.0118992660883804,"psedo-gene","intragenic",87264
"hyper",0.903263733488867,"others","intragenic",22927
"hyper",0.183927989209104,"protein_coding","intergenic",251752
"hypo",0.00628391497008765,"microRNA","intragenic",28289
"hyper",0.324633299125277,"protein_coding","intergenic",22505
"hyper",2.59108919912552,"protein_coding","intergenic",74846
"hyper",0.193668376253164,"microRNA","intragenic",70643
"hypo",0.610869002359681,"protein_coding","intragenic",53303
"hyper",1.29592197035209,"protein_coding","intragenic",8625
"hyper",0.906525043908351,"protein_coding","intragenic",55219
"hyper",0.121298694840316,"others","intergenic",72318
"hypo",0.0945568040524067,"others","intergenic",37171
"hyper",0.106310491853777,"protein_coding","intragenic",24085
"hyper",0.218475477990308,"protein_coding","intergenic",141729
"hyper",0.764433280575367,"protein_coding","intragenic",78032
"hyper",2.03816580112549,"protein_coding","intragenic",15988
"hyper",0.745794243638522,"protein_coding","intragenic",51256
"hyper",0.576053330621394,"protein_coding","intergenic",53968
"hyper",0.516678131203265,"protein_coding","intragenic",65482
"hypo",0.001733474554413,"protein_coding","intergenic",973627
"hypo",0.0115037592065011,"protein_coding","intergenic",705984
"hyper",1.37894682282956,"lincRNA","intragenic",83727
"hypo",0.719036505410815,"protein_coding","intragenic",78640
"hyper",0.639852514551992,"protein_coding","intragenic",80354
"hyper",0.441781674050264,"protein_coding","intergenic",32623
"hyper",0.141558347081468,"psedo-gene","intergenic",33449
"hyper",1.42740998633743,"psedo-gene","intragenic",22032
"hypo",0.129507745845663,"protein_coding","intergenic",384412
"hypo",0.778312166600159,"microRNA","intergenic",135555
"hyper",0.515179215517769,"lincRNA","intragenic",3634
"hypo",0.271909096043233,"protein_coding","intragenic",80264
"hypo",1.54617958312196,"lincRNA","intergenic",70248
"hyper",0.0341596497739551,"protein_coding","intragenic",60003
"hyper",0.950249165944791,"others","intragenic",74847
"hyper",0.349065234737736,"protein_coding","intragenic",61051
"hypo",0.726679806119589,"protein_coding","intergenic",53871
"hyper",2.29422430240788,"psedo-gene","intragenic",50513
"hyper",0.804692622601208,"protein_coding","intragenic",11091
"hyper",0.000610513269936269,"protein_coding","intragenic",58532
"hypo",0.801807624122619,"protein_coding","intergenic",64579
"hyper",0.34272941789751,"protein_coding","intragenic",80727
"hyper",1.28604347976498,"psedo-gene","intergenic",182677
"hyper",1.61615023249291,"protein_coding","intragenic",59778
"hyper",1.98454886653887,"others","intergenic",81609
"hyper",0.242852105531161,"protein_coding","intragenic",42093
"hypo",1.37771445629978,"others","intergenic",88914
"hyper",1.36492453733457,"lincRNA","intragenic",30349
"hypo",3.06382222315118,"protein_coding","intergenic",2779
"hypo",0.271005097926151,"lincRNA","intragenic",54711
"hyper",1.59917787653703,"protein_coding","intragenic",69734
"hypo",2.33424362609856,"microRNA","intergenic",1247
"hyper",0.948924819327465,"protein_coding","intragenic",44146
"hyper",1.98857748387966,"others","intragenic",98287
"hyper",0.996381977694553,"protein_coding","intragenic",13603
"hypo",1.72097276195067,"protein_coding","intergenic",708003
"hyper",0.609100872624282,"microRNA","intragenic",13378
"hyper",1.26858441611545,"others","intragenic",33691
"hyper",0.278323112963391,"others","intergenic",66148
"hyper",0.0178405434958174,"protein_coding","intragenic",56399
"hyper",2.58271279830496,"protein_coding","intragenic",68867
"hyper",0.365115721630059,"microRNA","intergenic",98691
"hyper",0.373267019753761,"protein_coding","intragenic",77802
"hyper",0.323016875964122,"protein_coding","intragenic",27498
"hyper",0.0272678289557874,"protein_coding","intragenic",61507
"hypo",0.287277520330546,"others","intragenic",76385
"hyper",0.843794995172554,"protein_coding","intergenic",86817
"hypo",1.40957941998434,"protein_coding","intragenic",62059
"hypo",1.31597743552787,"others","intergenic",635778
"hyper",1.24168724056043,"lincRNA","intragenic",66502
"hypo",1.04416216889822,"protein_coding","intergenic",403040
"hyper",1.81790262737955,"others","intergenic",96164
"hyper",3.27036437720663,"protein_coding","intergenic",11409
"hypo",1.00684981293283,"protein_coding","intergenic",418946
"hyper",1.8972603526989,"psedo-gene","intragenic",65255
"hyper",0.60156558107729,"protein_coding","intergenic",91839
"hyper",0.224467396842869,"microRNA","intergenic",6195
"hyper",0.135557385707489,"protein_coding","intergenic",97856
"hypo",0.26698938861602,"protein_coding","intragenic",9730
"hyper",2.67950248437731,"protein_coding","intragenic",58365
"hyper",1.83484166507357,"psedo-gene","intragenic",80275
"hypo",0.472180187374643,"protein_coding","intergenic",654371
"hyper",0.238619585046273,"others","intragenic",81259
"hyper",1.28575640252309,"protein_coding","intragenic",49657
"hypo",0.380133571038105,"lincRNA","intragenic",55919
"hyper",0.252401287165548,"protein_coding","intragenic",35421
"hyper",0.243856871480131,"protein_coding","intragenic",12512
"hyper",2.92712111610603,"protein_coding","intragenic",91581
"hypo",0.229437279786833,"protein_coding","intragenic",85679
"hyper",3.57847620275107,"others","intragenic",36283
"hyper",0.0441255335115945,"protein_coding","intergenic",94
"hyper",0.0168519585578936,"psedo-gene","intragenic",73391
"hyper",0.31522429923751,"microRNA","intergenic",244265
"hyper",1.97996308422429,"psedo-gene","intragenic",6107
"hyper",0.494109872696565,"protein_coding","intragenic",27921
"hyper",0.693246960534524,"lincRNA","intragenic",72054
"hypo",1.38016403943879,"protein_coding","intergenic",83986
"hypo",0.70869054400713,"protein_coding","intergenic",292519
"hypo",0.98426127273666,"protein_coding","intragenic",16135
"hyper",1.18580491863575,"protein_coding","intergenic",94538
"hyper",0.79656333050247,"protein_coding","intragenic",51794
"hyper",0.48995167494275,"others","intragenic",87585
"hyper",1.19423430826658,"protein_coding","intragenic",25997
"hyper",0.325362364336735,"others","intergenic",75385
"hyper",0.324323946877397,"protein_coding","intergenic",813229
"hyper",0.176332727241706,"protein_coding","intragenic",3953
"hyper",2.00087435991616,"protein_coding","intragenic",87277
"hyper",1.66749976526872,"microRNA","intergenic",73114
"hyper",0.179684484888938,"microRNA","intragenic",46673
"hyper",2.69246263766348,"others","intragenic",48435
"hypo",1.85508173346966,"psedo-gene","intragenic",73009
"hyper",0.622250187026046,"microRNA","intragenic",43069
"hyper",0.202941396418393,"others","intragenic",98762
"hyper",3.64952028932814,"protein_coding","intragenic",78119
"hypo",0.406600462769732,"protein_coding","intragenic",98458
"hyper",0.310602679511493,"lincRNA","intragenic",19189
"hypo",1.03576275746616,"protein_coding","intragenic",62295
"hyper",2.98535240241771,"protein_coding","intergenic",83684
"hypo",0.161875368207449,"protein_coding","intergenic",617181
"hyper",2.56028424797812,"protein_coding","intragenic",81441
"hyper",0.313873641852279,"microRNA","intragenic",20688
"hyper",1.84507163091266,"protein_coding","intergenic",13501
"hyper",2.64994543567073,"protein_coding","intergenic",36114
"hypo",1.14110603653488,"others","intergenic",455235
"hyper",0.419665732464517,"protein_coding","intragenic",91966
"hyper",1.54398213915455,"protein_coding","intragenic",53515
"hyper",1.21237790967641,"protein_coding","intergenic",574684
"hyper",0.986163016205614,"lincRNA","intergenic",99620
"hyper",0.102489735740435,"protein_coding","intergenic",28566
"hyper",1.68668949130536,"protein_coding","intergenic",70149
"hyper",0.0195371290426364,"protein_coding","intragenic",90014
"hyper",2.02393330479633,"others","intergenic",683
"hypo",1.23923738038183,"protein_coding","intragenic",53288
"hyper",0.624158510000355,"protein_coding","intragenic",7438
"hypo",0.242836912579406,"lincRNA","intragenic",96363
"hyper",2.03905213910215,"psedo-gene","intragenic",27225
"hyper",0.504979975641314,"protein_coding","intragenic",43029
"hyper",0.878290144492679,"microRNA","intragenic",63720
"hyper",3.16772562930048,"protein_coding","intragenic",50108
"hyper",1.43015211321305,"protein_coding","intergenic",13931
"hyper",0.693554312121707,"protein_coding","intragenic",38579
"hyper",0.611515608320596,"psedo-gene","intragenic",282
"hyper",0.184529219367546,"others","intragenic",93467
"hypo",3.01238931453524,"protein_coding","intragenic",52167
"hyper",0.012550984597976,"lincRNA","intragenic",39642
"hyper",1.18278669233336,"protein_coding","intragenic",79359
"hyper",2.25304086057962,"protein_coding","intragenic",92334
"hyper",1.17236001367605,"psedo-gene","intragenic",62835
"hypo",1.08872579876307,"lincRNA","intragenic",26424
"hypo",0.0472215724419812,"lincRNA","intragenic",80091
"hypo",0.708590926000542,"protein_coding","intergenic",262041
"hyper",0.420891212009309,"others","intragenic",840
"hypo",2.13252779541607,"protein_coding","intergenic",562368
"hypo",1.29522901873661,"others","intragenic",6195
"hypo",0.315719701392315,"protein_coding","intragenic",66060
"hyper",0.85295477547288,"protein_coding","intragenic",146
"hyper",0.616791613816372,"others","intergenic",492322
"hyper",1.46463104022001,"protein_coding","intragenic",65274
"hypo",0.241068532396727,"protein_coding","intragenic",12115
"hyper",0.0430046650905855,"protein_coding","intragenic",31929
"hyper",0.577503499953845,"psedo-gene","intragenic",47928
"hyper",0.345913597263232,"microRNA","intragenic",32767
"hypo",0.408693067519856,"others","intragenic",56359
"hypo",0.260663544787386,"protein_coding","intragenic",86376
"hyper",0.784713038223797,"protein_coding","intragenic",75777
"hyper",2.06653082642642,"others","intragenic",73173
"hypo",0.600083460628081,"lincRNA","intragenic",72078
"hyper",2.13070645270516,"protein_coding","intergenic",95577
"hypo",1.61754946539966,"microRNA","intragenic",26552
"hypo",0.274480777193695,"protein_coding","intragenic",58212
"hyper",1.70616134197148,"protein_coding","intragenic",61972
"hyper",0.0386094974384567,"psedo-gene","intragenic",35213
"hypo",0.507005965808042,"psedo-gene","intergenic",13601
"hyper",2.47666512037641,"others","intragenic",97760
"hyper",0.58992998943885,"psedo-gene","intragenic",46457
"hyper",2.98480846006889,"protein_coding","intragenic",85047
"hyper",0.679457470945388,"protein_coding","intragenic",97811
"hyper",0.839963267758274,"protein_coding","intergenic",49339
"hypo",0.428324779106671,"protein_coding","intragenic",74399
"hypo",0.751362517429425,"psedo-gene","intergenic",425952
"hyper",0.101055560570409,"protein_coding","intragenic",10188
"hyper",0.171630910761233,"lincRNA","intragenic",36932
"hyper",0.346832503685176,"protein_coding","intergenic",6594
"hyper",0.665730859185352,"protein_coding","intragenic",96522
"hypo",0.453909147713947,"protein_coding","intragenic",2398
"hyper",0.240459934440543,"psedo-gene","intragenic",40746
"hyper",2.05883108027129,"protein_coding","intragenic",62650
"hyper",0.494736486557639,"psedo-gene","intragenic",47762
"hyper",0.40791132974257,"protein_coding","intergenic",457053
"hyper",0.961654633142603,"lincRNA","intergenic",90792
"hyper",0.38361320330129,"psedo-gene","intragenic",52634
"hyper",0.24908904624393,"protein_coding","intragenic",96205
"hyper",0.186929148087454,"protein_coding","intragenic",84840
"hyper",1.53392958374259,"protein_coding","intragenic",51425
"hypo",0.778714789997059,"protein_coding","intragenic",67880
"hyper",2.88203097138828,"protein_coding","intergenic",637050
"hyper",1.45812913388438,"protein_coding","intragenic",16905
"hypo",0.197464073638253,"protein_coding","intragenic",2799
"hyper",0.191291427384509,"protein_coding","intragenic",59211
"hyper",0.731639494775555,"protein_coding","intragenic",77562
"hyper",1.13521170336309,"protein_coding","intragenic",56872
"hypo",1.10652036284799,"protein_coding","intergenic",1369
"hyper",0.277878158614135,"microRNA","intragenic",61673
"hyper",0.95012288028641,"protein_coding","intragenic",67313
"hyper",1.33666807702657,"protein_coding","intragenic",50656
"hypo",0.705233638072332,"protein_coding","intergenic",363866
"hypo",4.99570354613203,"protein_coding","intergenic",578902
"hyper",0.271300232695836,"protein_coding","intergenic",36456
"hypo",0.368235801056044,"lincRNA","intergenic",686632
"hyper",2.2581000693775,"psedo-gene","intragenic",56150
"hypo",0.0640744915337694,"protein_coding","intragenic",70757
"hyper",1.15317840826656,"protein_coding","intergenic",509237
"hyper",1.18210842873602,"lincRNA","intragenic",73881
"hyper",0.546687494659046,"psedo-gene","intragenic",42048
"hyper",0.221740177842603,"microRNA","intragenic",51340
"hyper",0.12316439723743,"lincRNA","intragenic",76761
"hypo",0.336345749810758,"microRNA","intragenic",68923
"hyper",0.683936794828915,"protein_coding","intragenic",49331
"hyper",1.02678090022318,"others","intragenic",54855
"hyper",0.429865371701305,"protein_coding","intragenic",92761
"hyper",1.18502099310265,"others","intragenic",57135
"hypo",3.09564476932061,"protein_coding","intragenic",81618
"hyper",0.185086636423285,"protein_coding","intragenic",20028
"hyper",0.796589600353909,"others","intergenic",66572
"hyper",1.08731099597149,"lincRNA","intragenic",44720
"hyper",3.44621271785929,"protein_coding","intragenic",72488
"hypo",1.26743961432125,"lincRNA","intragenic",22841
"hyper",0.413351854470524,"microRNA","intragenic",35854
"hyper",0.699035886972266,"others","intragenic",97107
"hyper",0.803959832876279,"psedo-gene","intragenic",67821
"hyper",0.429876404108407,"protein_coding","intragenic",23878
"hypo",0.362541017827891,"lincRNA","intragenic",97098
"hyper",3.65891698886722,"protein_coding","intragenic",18204
"hyper",0.843931299187624,"protein_coding","intragenic",8377
"hyper",0.596241389919441,"protein_coding","intergenic",891809
"hyper",0.0371189679964962,"protein_coding","intergenic",25040
"hypo",0.0676052567969292,"lincRNA","intergenic",673
"hyper",0.826248921234879,"protein_coding","intragenic",70532
"hyper",1.4913487841036,"protein_coding","intergenic",48398
"hyper",0.369762075415514,"protein_coding","intergenic",38634
"hypo",0.73534179740506,"protein_coding","intergenic",39400
"hyper",0.305842152560222,"protein_coding","intragenic",8223
"hyper",0.955754945814378,"protein_coding","intragenic",10562
"hypo",1.39544981125452,"protein_coding","intragenic",18791
"hyper",0.585161421276201,"microRNA","intragenic",29876
"hypo",1.71965429640053,"lincRNA","intergenic",96696
"hyper",1.07113146729343,"protein_coding","intragenic",44320
"hyper",0.212374722961183,"protein_coding","intergenic",77917
"hyper",0.611901617466644,"protein_coding","intragenic",35768
"hyper",1.81949562683233,"protein_coding","intragenic",18764
"hyper",1.04181991076004,"microRNA","intergenic",41050
"hyper",0.253480626474322,"protein_coding","intragenic",36587
"hypo",0.825870791768626,"protein_coding","intergenic",59704
"hypo",2.23258653382903,"protein_coding","intergenic",146674
"hyper",0.371996049503835,"protein_coding","intergenic",1627
"hypo",0.506790478485359,"lincRNA","intergenic",372653
"hyper",1.6655996625256,"protein_coding","intragenic",46244
"hyper",0.23129795911933,"others","intragenic",85911
"hyper",1.29005507779892,"protein_coding","intragenic",84595
"hyper",0.126411493596708,"protein_coding","intergenic",83841
"hypo",0.0095590361435784,"lincRNA","intragenic",251
"hypo",1.53408198331981,"protein_coding","intragenic",12445
"hyper",1.23783711880168,"protein_coding","intragenic",71568
"hyper",1.71691612053774,"protein_coding","intragenic",65763
"hyper",0.769871886071892,"psedo-gene","intergenic",664873
"hyper",0.861556199645545,"protein_coding","intragenic",51208
"hypo",1.1118862536385,"protein_coding","intergenic",597637
"hyper",1.26234175622479,"protein_coding","intragenic",50054
"hypo",0.337740927863529,"microRNA","intragenic",91296
"hypo",1.01984408642512,"lincRNA","intragenic",56190
"hyper",0.13048375918773,"others","intergenic",2342
"hyper",0.124658065736378,"others","intragenic",61268
"hyper",0.453416808170673,"protein_coding","intragenic",59147
"hyper",1.00044168176726,"protein_coding","intergenic",659979
"hypo",0.558649113684408,"microRNA","intragenic",67982
"hyper",0.243263555217495,"protein_coding","intragenic",38100
"hypo",0.314192286424987,"lincRNA","intergenic",412347
"hyper",0.717992316891336,"protein_coding","intergenic",38313
"hyper",0.602362165577758,"others","intragenic",91627
"hyper",2.47024218856664,"protein_coding","intragenic",64041
"hyper",0.428362104871009,"protein_coding","intragenic",4437
"hypo",1.29723186277161,"protein_coding","intragenic",24458
"hypo",1.71385049029157,"psedo-gene","intragenic",33304
"hypo",0.336951785554189,"protein_coding","intergenic",97166
"hyper",0.514897322202169,"lincRNA","intragenic",62140
"hyper",0.627486968105946,"protein_coding","intragenic",31371
"hyper",1.55361877091809,"others","intragenic",72762
"hyper",0.245891678147456,"protein_coding","intragenic",98693
"hyper",0.833612495166748,"protein_coding","intragenic",85027
"hyper",2.7516997477011,"others","intragenic",65883
"hyper",0.886361701153632,"protein_coding","intragenic",53450
"hyper",2.47241761136675,"protein_coding","intragenic",84789
"hyper",0.072464178361653,"protein_coding","intragenic",39897
"hyper",1.14623512721273,"protein_coding","intragenic",19737
"hyper",1.41386451777484,"others","intragenic",76095
"hyper",0.119535513841929,"protein_coding","intragenic",18467
"hyper",1.71908449059763,"microRNA","intragenic",65646
"hyper",0.0191626669302739,"protein_coding","intragenic",50821
"hyper",0.114413025523664,"microRNA","intragenic",33992
"hyper",0.732655337607018,"protein_coding","intergenic",13649
"hyper",1.34009516965247,"protein_coding","intragenic",36355
"hyper",0.886048269797744,"microRNA","intragenic",22446
"hyper",0.159801684503127,"psedo-gene","intergenic",75779
"hyper",0.874420191034084,"protein_coding","intragenic",58686
"hyper",0.0133771876589468,"protein_coding","intragenic",79573
"hypo",0.86236345757097,"lincRNA","intragenic",18685
"hyper",0.123642023785917,"psedo-gene","intragenic",41820
"hyper",0.651951798135604,"microRNA","intragenic",65395
"hyper",0.0524911723537221,"others","intragenic",18407
"hyper",2.80813720106147,"microRNA","intragenic",7144
"hyper",1.67177887913902,"microRNA","intergenic",19539
"hypo",0.270241051101357,"others","intergenic",84756
"hyper",1.95861922690309,"microRNA","intragenic",83301
"hyper",1.03590747391781,"protein_coding","intragenic",23705
"hyper",0.52045681439115,"protein_coding","intergenic",73705
"hyper",1.9903099877111,"others","intergenic",18510
"hyper",0.361059769646039,"others","intergenic",98881
"hypo",0.502017286139858,"protein_coding","intergenic",54363
"hyper",1.30677740774818,"microRNA","intragenic",67698
"hyper",1.53827670777451,"protein_coding","intragenic",73420
"hyper",0.10936978693367,"protein_coding","intergenic",94113
"hypo",0.975770525079518,"protein_coding","intragenic",42811
"hyper",0.231970660280065,"protein_coding","intragenic",51697
"hyper",0.568946541416454,"psedo-gene","intragenic",98074
"hyper",0.00918470597092625,"protein_coding","intragenic",84845
"hyper",1.483256459945,"protein_coding","intragenic",16521
"hyper",0.320896641077009,"microRNA","intragenic",36964
"hyper",0.111975237772867,"protein_coding","intragenic",62148
"hypo",0.835602130710395,"protein_coding","intragenic",83123
"hyper",0.0947880183989751,"protein_coding","intergenic",35442
"hyper",0.636203292366655,"lincRNA","intergenic",321312
"hyper",1.24248793401088,"protein_coding","intragenic",6146
"hypo",2.08613108751241,"protein_coding","intergenic",98894
"hyper",2.02415020363317,"psedo-gene","intragenic",28838
"hyper",0.131418630192657,"protein_coding","intergenic",88362
"hypo",1.51040197551254,"lincRNA","intragenic",48452
"hypo",1.04731065764134,"microRNA","intergenic",355539
"hyper",0.117461113802645,"protein_coding","intragenic",75718
"hyper",0.206957437149005,"protein_coding","intergenic",94923
"hypo",0.400929000867479,"protein_coding","intergenic",231392
"hyper",1.70589433772244,"lincRNA","intragenic",23391
"hyper",0.190583758355007,"protein_coding","intragenic",54951
"hyper",1.4031123560507,"protein_coding","intergenic",23386
"hyper",0.664202242230258,"protein_coding","intragenic",34746
"hyper",1.88196198892993,"psedo-gene","intergenic",14577
"hyper",0.513571154381849,"psedo-gene","intragenic",15216
"hypo",0.792415644593045,"lincRNA","intragenic",91364
"hyper",1.85367042153225,"protein_coding","intragenic",75135
"hyper",1.17439237989737,"protein_coding","intergenic",75879
"hyper",0.878235408214739,"microRNA","intragenic",81179
"hypo",0.680855640710286,"others","intragenic",42359
"hyper",0.873222800102424,"protein_coding","intragenic",57294
"hyper",0.657982415168713,"lincRNA","intergenic",52041
"hyper",0.085082601609776,"protein_coding","intergenic",21754
"hyper",1.57025230655307,"protein_coding","intragenic",24200
"hyper",0.00689200996902709,"microRNA","intragenic",1347
"hyper",2.64040512125211,"protein_coding","intragenic",78101
"hyper",0.743257149687929,"protein_coding","intergenic",30699
"hyper",0.0525513222360654,"protein_coding","intragenic",50420
"hyper",1.45449046087942,"others","intragenic",55148
"hypo",0.363923879502415,"protein_coding","intragenic",34431
"hypo",0.826690125617486,"protein_coding","intergenic",408026
"hypo",1.49064909193891,"protein_coding","intergenic",77679
"hypo",2.08762578505143,"protein_coding","intergenic",522327
"hyper",2.00277555281959,"others","intergenic",854177
"hyper",1.29456994377285,"protein_coding","intragenic",80898
"hyper",3.26432295520979,"protein_coding","intergenic",707
"hyper",0.344217423184833,"protein_coding","intergenic",63608
"hyper",0.215827457192052,"protein_coding","intragenic",66457
"hyper",0.488215004680577,"others","intragenic",79587
"hyper",1.05154638872817,"lincRNA","intragenic",5174
"hyper",3.55202018587607,"protein_coding","intergenic",11441
"hyper",1.76138517152126,"protein_coding","intragenic",69727
"hyper",0.88500528068727,"protein_coding","intergenic",565447
"hyper",0.949380038518723,"protein_coding","intragenic",90202
"hypo",0.19620600141888,"protein_coding","intragenic",20689
"hyper",1.54360264515692,"protein_coding","intergenic",674460
"hyper",1.84661903276672,"protein_coding","intragenic",95877
"hyper",0.502849587057835,"protein_coding","intragenic",200
"hypo",0.135302237718341,"protein_coding","intragenic",15487
"hyper",0.326059897093847,"protein_coding","intragenic",16095
"hyper",0.0543151224090755,"protein_coding","intergenic",49462
"hypo",1.70007448692258,"microRNA","intergenic",39946
"hypo",0.585945743989983,"protein_coding","intragenic",34778
"hyper",1.11516678245699,"protein_coding","intragenic",40681
"hyper",0.117183528435562,"protein_coding","intragenic",6700
"hypo",0.536410550918002,"protein_coding","intragenic",21906
"hyper",0.115886733002531,"protein_coding","intragenic",54802
"hyper",1.6865572114116,"lincRNA","intergenic",91385
"hyper",0.386550661419111,"protein_coding","intergenic",15877
"hyper",0.721808270346662,"protein_coding","intragenic",36710
"hyper",0.7131105171494,"protein_coding","intragenic",18557
"hyper",0.123188064231449,"psedo-gene","intragenic",4493
"hypo",0.634290930039238,"protein_coding","intragenic",1414
"hyper",0.0814511180974959,"lincRNA","intragenic",49986
"hyper",0.675717354096891,"protein_coding","intragenic",51941
"hyper",0.917331389325494,"lincRNA","intergenic",975708
"hyper",0.761712760302206,"protein_coding","intragenic",63728
"hyper",0.59792961422438,"psedo-gene","intragenic",57189
"hyper",0.864291393975395,"lincRNA","intragenic",46672
"hyper",0.892384163710184,"protein_coding","intragenic",44348
"hyper",1.69235753340848,"protein_coding","intragenic",59401
"hyper",1.86489935902505,"protein_coding","intragenic",37738
"hyper",0.517710357873225,"lincRNA","intragenic",89224
"hyper",1.62064747564426,"protein_coding","intergenic",49577
"hyper",0.89602033462131,"microRNA","intragenic",93196
"hyper",0.354308493579189,"protein_coding","intragenic",74686
"hyper",2.1809499741912,"protein_coding","intragenic",20424
"hypo",0.170891676289607,"lincRNA","intergenic",20387
"hyper",0.715517652636414,"protein_coding","intergenic",88177
"hyper",2.600936053856,"protein_coding","intragenic",98193
"hyper",4.31416026269594,"psedo-gene","intragenic",26030
